/*
Navicat MySQL Data Transfer

Source Server         : localhost
Source Server Version : 50513
Source Host           : localhost:3306
Source Database       : yii2basic

Target Server Type    : MYSQL
Target Server Version : 50513
File Encoding         : 65001

Date: 2017-01-19 06:50:40
*/

SET FOREIGN_KEY_CHECKS=0;

-- ----------------------------
-- Table structure for tbl_act_ids
-- ----------------------------
DROP TABLE IF EXISTS `tbl_act_ids`;
CREATE TABLE `tbl_act_ids` (
`id`  int(4) UNSIGNED NOT NULL AUTO_INCREMENT ,
`role_id`  int(4) NOT NULL ,
`act_ids`  varchar(1000) CHARACTER SET utf8 COLLATE utf8_general_ci NULL DEFAULT NULL ,
PRIMARY KEY (`id`)
)
ENGINE=InnoDB
DEFAULT CHARACTER SET=utf8 COLLATE=utf8_general_ci
AUTO_INCREMENT=2

;

-- ----------------------------
-- Records of tbl_act_ids
-- ----------------------------
BEGIN;
INSERT INTO `tbl_act_ids` VALUES ('1', '3', '4');
COMMIT;

-- ----------------------------
-- Table structure for tbl_logs
-- ----------------------------
DROP TABLE IF EXISTS `tbl_logs`;
CREATE TABLE `tbl_logs` (
`id`  int(8) NOT NULL AUTO_INCREMENT ,
`module`  varchar(20) CHARACTER SET utf8 COLLATE utf8_general_ci NULL DEFAULT NULL ,
`controller`  varchar(20) CHARACTER SET utf8 COLLATE utf8_general_ci NULL DEFAULT NULL ,
`action`  varchar(20) CHARACTER SET utf8 COLLATE utf8_general_ci NULL DEFAULT NULL ,
`content`  text CHARACTER SET utf8 COLLATE utf8_general_ci NULL ,
`admin_id`  int(4) NULL DEFAULT NULL ,
`rtime`  int(10) NULL DEFAULT NULL ,
`ip`  varchar(20) CHARACTER SET utf8 COLLATE utf8_general_ci NULL DEFAULT NULL ,
PRIMARY KEY (`id`)
)
ENGINE=InnoDB
DEFAULT CHARACTER SET=utf8 COLLATE=utf8_general_ci
AUTO_INCREMENT=348

;

-- ----------------------------
-- Records of tbl_logs
-- ----------------------------
BEGIN;
INSERT INTO `tbl_logs` VALUES ('1', 'admin', 'menu', 'list', 's:55:\"select * from `tbl_menu` order by listorder asc,id desc\";', '1', '1477648961', '127.0.0.1'), ('2', 'admin', 'menu', 'list', 's:55:\"select * from `tbl_menu` order by listorder asc,id desc\";', '1', '1477648974', '127.0.0.1'), ('3', 'admin', 'menu', 'list', 's:55:\"select * from `tbl_menu` order by listorder asc,id desc\";', '1', '1477648985', '127.0.0.1'), ('4', 'admin', 'menu', 'list', 's:55:\"select * from `tbl_menu` order by listorder asc,id desc\";', '1', '1477649065', '127.0.0.1'), ('5', 'admin', 'menu', 'list', 's:55:\"select * from `tbl_menu` order by listorder asc,id desc\";', '1', '1477649164', '127.0.0.1'), ('6', 'admin', 'menu', 'list', 's:55:\"select * from `tbl_menu` order by listorder asc,id desc\";', '1', '1477649171', '127.0.0.1'), ('7', 'admin', 'public', 'dologin', 's:70:\"管理员admin登录!SELECT * FROM `tbl_operator` WHERE `name`=\'admin\'\";', '1', '1477649194', '127.0.0.1'), ('8', 'admin', 'menu', 'list', 's:55:\"select * from `tbl_menu` order by listorder asc,id desc\";', '1', '1477649198', '127.0.0.1'), ('9', 'admin', 'menu', 'list', 's:55:\"select * from `tbl_menu` order by listorder asc,id desc\";', '1', '1477649503', '127.0.0.1'), ('10', 'admin', 'menu', 'list', 's:55:\"select * from `tbl_menu` order by listorder asc,id desc\";', '1', '1477649513', '127.0.0.1'), ('11', 'admin', 'menu', 'list', 's:55:\"select * from `tbl_menu` order by listorder asc,id desc\";', '1', '1477649522', '127.0.0.1'), ('12', 'admin', 'menu', 'list', 's:55:\"select * from `tbl_menu` order by listorder asc,id desc\";', '1', '1477649797', '127.0.0.1'), ('13', 'admin', 'menu', 'list', 's:55:\"select * from `tbl_menu` order by listorder asc,id desc\";', '1', '1477649798', '127.0.0.1'), ('14', 'admin', 'menu', 'list', 's:55:\"select * from `tbl_menu` order by listorder asc,id desc\";', '1', '1477649800', '127.0.0.1'), ('15', 'admin', 'menu', 'list', 's:55:\"select * from `tbl_menu` order by listorder asc,id desc\";', '1', '1477649818', '127.0.0.1'), ('16', 'admin', 'menu', 'list', 's:55:\"select * from `tbl_menu` order by listorder asc,id desc\";', '1', '1477649821', '127.0.0.1'), ('17', 'admin', 'menu', 'list', 's:55:\"select * from `tbl_menu` order by listorder asc,id desc\";', '1', '1477649950', '127.0.0.1'), ('18', 'admin', 'menu', 'list', 's:55:\"select * from `tbl_menu` order by listorder asc,id desc\";', '1', '1477649954', '127.0.0.1'), ('19', 'admin', 'menu', 'list', 's:55:\"select * from `tbl_menu` order by listorder asc,id desc\";', '1', '1477649954', '127.0.0.1'), ('20', 'admin', 'menu', 'list', 's:55:\"select * from `tbl_menu` order by listorder asc,id desc\";', '1', '1477649955', '127.0.0.1'), ('21', 'admin', 'menu', 'list', 's:55:\"select * from `tbl_menu` order by listorder asc,id desc\";', '1', '1477649955', '127.0.0.1'), ('22', 'admin', 'menu', 'list', 's:55:\"select * from `tbl_menu` order by listorder asc,id desc\";', '1', '1477649964', '127.0.0.1'), ('23', 'admin', 'menu', 'list', 's:55:\"select * from `tbl_menu` order by listorder asc,id desc\";', '1', '1477652221', '127.0.0.1'), ('24', 'admin', 'public', 'dologin', 's:70:\"管理员admin登录!SELECT * FROM `tbl_operator` WHERE `name`=\'admin\'\";', '1', '1477699927', '127.0.0.1'), ('25', 'admin', 'menu', 'list', 's:55:\"select * from `tbl_menu` order by listorder asc,id desc\";', '1', '1477699932', '127.0.0.1'), ('26', 'admin', 'menu', 'list', 's:55:\"select * from `tbl_menu` order by listorder asc,id desc\";', '1', '1477699942', '127.0.0.1'), ('27', 'admin', 'menu', 'list', 's:55:\"select * from `tbl_menu` order by listorder asc,id desc\";', '1', '1477699945', '127.0.0.1'), ('28', 'admin', 'menu', 'list', 's:55:\"select * from `tbl_menu` order by listorder asc,id desc\";', '1', '1477700905', '127.0.0.1'), ('29', 'admin', 'public', 'dologin', 's:70:\"管理员admin登录!SELECT * FROM `tbl_operator` WHERE `name`=\'admin\'\";', '1', '1477701216', '127.0.0.1'), ('30', 'admin', 'menu', 'list', 's:55:\"select * from `tbl_menu` order by listorder asc,id desc\";', '1', '1477701221', '127.0.0.1'), ('31', 'admin', 'menu', 'list', 's:55:\"select * from `tbl_menu` order by listorder asc,id desc\";', '1', '1477701350', '127.0.0.1'), ('32', 'admin', 'menu', 'list', 's:55:\"select * from `tbl_menu` order by listorder asc,id desc\";', '1', '1477701351', '127.0.0.1'), ('33', 'admin', 'menu', 'list', 's:55:\"select * from `tbl_menu` order by listorder asc,id desc\";', '1', '1477701434', '127.0.0.1'), ('34', 'admin', 'menu', 'list', 's:55:\"select * from `tbl_menu` order by listorder asc,id desc\";', '1', '1477701459', '127.0.0.1'), ('35', 'admin', 'menu', 'list', 's:55:\"select * from `tbl_menu` order by listorder asc,id desc\";', '1', '1477701477', '127.0.0.1'), ('36', 'admin', 'menu', 'list', 's:55:\"select * from `tbl_menu` order by listorder asc,id desc\";', '1', '1477701478', '127.0.0.1'), ('37', 'admin', 'menu', 'list', 's:55:\"select * from `tbl_menu` order by listorder asc,id desc\";', '1', '1477701478', '127.0.0.1'), ('38', 'admin', 'menu', 'list', 's:55:\"select * from `tbl_menu` order by listorder asc,id desc\";', '1', '1477701488', '127.0.0.1'), ('39', 'admin', 'menu', 'list', 's:55:\"select * from `tbl_menu` order by listorder asc,id desc\";', '1', '1477701488', '127.0.0.1'), ('40', 'admin', 'menu', 'list', 's:55:\"select * from `tbl_menu` order by listorder asc,id desc\";', '1', '1477701488', '127.0.0.1'), ('41', 'admin', 'menu', 'list', 's:55:\"select * from `tbl_menu` order by listorder asc,id desc\";', '1', '1477701489', '127.0.0.1'), ('42', 'admin', 'menu', 'list', 's:55:\"select * from `tbl_menu` order by listorder asc,id desc\";', '1', '1477701489', '127.0.0.1'), ('43', 'admin', 'menu', 'list', 's:55:\"select * from `tbl_menu` order by listorder asc,id desc\";', '1', '1477701491', '127.0.0.1'), ('44', 'admin', 'menu', 'list', 's:55:\"select * from `tbl_menu` order by listorder asc,id desc\";', '1', '1477701520', '127.0.0.1'), ('45', 'admin', 'menu', 'list', 's:55:\"select * from `tbl_menu` order by listorder asc,id desc\";', '1', '1477701524', '127.0.0.1'), ('46', 'admin', 'menu', 'list', 's:55:\"select * from `tbl_menu` order by listorder asc,id desc\";', '1', '1477701558', '127.0.0.1'), ('47', 'admin', 'menu', 'list', 's:55:\"select * from `tbl_menu` order by listorder asc,id desc\";', '1', '1477701562', '127.0.0.1'), ('48', 'admin', 'menu', 'list', 's:55:\"select * from `tbl_menu` order by listorder asc,id desc\";', '1', '1477701563', '127.0.0.1'), ('49', 'admin', 'menu', 'list', 's:55:\"select * from `tbl_menu` order by listorder asc,id desc\";', '1', '1477701563', '127.0.0.1'), ('50', 'admin', 'menu', 'list', 's:55:\"select * from `tbl_menu` order by listorder asc,id desc\";', '1', '1477701564', '127.0.0.1'), ('51', 'admin', 'menu', 'list', 's:55:\"select * from `tbl_menu` order by listorder asc,id desc\";', '1', '1477701564', '127.0.0.1'), ('52', 'admin', 'menu', 'list', 's:55:\"select * from `tbl_menu` order by listorder asc,id desc\";', '1', '1477701568', '127.0.0.1'), ('53', 'admin', 'menu', 'list', 's:55:\"select * from `tbl_menu` order by listorder asc,id desc\";', '1', '1477701568', '127.0.0.1'), ('54', 'admin', 'menu', 'list', 's:55:\"select * from `tbl_menu` order by listorder asc,id desc\";', '1', '1477701570', '127.0.0.1'), ('55', 'admin', 'menu', 'list', 's:55:\"select * from `tbl_menu` order by listorder asc,id desc\";', '1', '1477701916', '127.0.0.1'), ('56', 'admin', 'menu', 'list', 's:55:\"select * from `tbl_menu` order by listorder asc,id desc\";', '1', '1477701926', '127.0.0.1'), ('57', 'admin', 'menu', 'list', 's:55:\"select * from `tbl_menu` order by listorder asc,id desc\";', '1', '1477702134', '127.0.0.1'), ('58', 'admin', 'menu', 'list', 's:55:\"select * from `tbl_menu` order by listorder asc,id desc\";', '1', '1477702951', '127.0.0.1'), ('59', 'admin', 'menu', 'list', 's:55:\"select * from `tbl_menu` order by listorder asc,id desc\";', '1', '1477702957', '127.0.0.1'), ('60', 'admin', 'menu', 'list', 's:55:\"select * from `tbl_menu` order by listorder asc,id desc\";', '1', '1477702968', '127.0.0.1'), ('61', 'admin', 'menu', 'list', 's:55:\"select * from `tbl_menu` order by listorder asc,id desc\";', '1', '1477703057', '127.0.0.1'), ('62', 'admin', 'menu', 'list', 's:55:\"select * from `tbl_menu` order by listorder asc,id desc\";', '1', '1477703149', '127.0.0.1'), ('63', 'admin', 'menu', 'list', 's:55:\"select * from `tbl_menu` order by listorder asc,id desc\";', '1', '1477705047', '127.0.0.1'), ('64', 'admin', 'menu', 'list', 's:55:\"select * from `tbl_menu` order by listorder asc,id desc\";', '1', '1477707404', '127.0.0.1'), ('65', 'admin', 'menu', 'list', 's:55:\"select * from `tbl_menu` order by listorder asc,id desc\";', '1', '1477707579', '127.0.0.1'), ('66', 'admin', 'menu', 'list', 's:55:\"select * from `tbl_menu` order by listorder asc,id desc\";', '1', '1477707583', '127.0.0.1'), ('67', 'admin', 'menu', 'list', 's:55:\"select * from `tbl_menu` order by listorder asc,id desc\";', '1', '1477707709', '127.0.0.1'), ('68', 'admin', 'menu', 'list', 's:55:\"select * from `tbl_menu` order by listorder asc,id desc\";', '1', '1477707974', '127.0.0.1'), ('69', 'admin', 'public', 'dologin', 's:70:\"管理员admin登录!SELECT * FROM `tbl_operator` WHERE `name`=\'admin\'\";', '1', '1478083347', '127.0.0.1'), ('70', 'admin', 'menu', 'list', 's:55:\"select * from `tbl_menu` order by listorder asc,id desc\";', '1', '1478083353', '127.0.0.1'), ('71', 'admin', 'menu', 'list', 's:55:\"select * from `tbl_menu` order by listorder asc,id desc\";', '1', '1478083373', '127.0.0.1'), ('72', 'admin', 'menu', 'list', 's:55:\"select * from `tbl_menu` order by listorder asc,id desc\";', '1', '1478083379', '127.0.0.1'), ('73', 'admin', 'menu', 'list', 's:55:\"select * from `tbl_menu` order by listorder asc,id desc\";', '1', '1478083564', '127.0.0.1'), ('74', 'admin', 'menu', 'list', 's:55:\"select * from `tbl_menu` order by listorder asc,id desc\";', '1', '1478083669', '127.0.0.1'), ('75', 'admin', 'menu', 'list', 's:55:\"select * from `tbl_menu` order by listorder asc,id desc\";', '1', '1478083730', '127.0.0.1'), ('76', 'admin', 'menu', 'list', 's:55:\"select * from `tbl_menu` order by listorder asc,id desc\";', '1', '1478083731', '127.0.0.1'), ('77', 'admin', 'menu', 'list', 's:55:\"select * from `tbl_menu` order by listorder asc,id desc\";', '1', '1478083771', '127.0.0.1'), ('78', 'admin', 'menu', 'list', 's:55:\"select * from `tbl_menu` order by listorder asc,id desc\";', '1', '1478083817', '127.0.0.1'), ('79', 'admin', 'menu', 'list', 's:55:\"select * from `tbl_menu` order by listorder asc,id desc\";', '1', '1478083819', '127.0.0.1'), ('80', 'admin', 'menu', 'list', 's:55:\"select * from `tbl_menu` order by listorder asc,id desc\";', '1', '1478083874', '127.0.0.1'), ('81', 'admin', 'menu', 'list', 's:55:\"select * from `tbl_menu` order by listorder asc,id desc\";', '1', '1478083879', '127.0.0.1'), ('82', 'admin', 'menu', 'list', 's:55:\"select * from `tbl_menu` order by listorder asc,id desc\";', '1', '1478083901', '127.0.0.1'), ('83', 'admin', 'menu', 'list', 's:55:\"select * from `tbl_menu` order by listorder asc,id desc\";', '1', '1478083902', '127.0.0.1'), ('84', 'admin', 'menu', 'list', 's:55:\"select * from `tbl_menu` order by listorder asc,id desc\";', '1', '1478083904', '127.0.0.1'), ('85', 'admin', 'menu', 'list', 's:55:\"select * from `tbl_menu` order by listorder asc,id desc\";', '1', '1478084078', '127.0.0.1'), ('86', 'admin', 'menu', 'list', 's:55:\"select * from `tbl_menu` order by listorder asc,id desc\";', '1', '1478084086', '127.0.0.1'), ('87', 'admin', 'menu', 'list', 's:55:\"select * from `tbl_menu` order by listorder asc,id desc\";', '1', '1478084103', '127.0.0.1'), ('88', 'admin', 'menu', 'list', 's:55:\"select * from `tbl_menu` order by listorder asc,id desc\";', '1', '1478084134', '127.0.0.1'), ('89', 'admin', 'menu', 'list', 's:55:\"select * from `tbl_menu` order by listorder asc,id desc\";', '1', '1478084158', '127.0.0.1'), ('90', 'admin', 'menu', 'list', 's:55:\"select * from `tbl_menu` order by listorder asc,id desc\";', '1', '1478084166', '127.0.0.1'), ('91', 'admin', 'menu', 'list', 's:55:\"select * from `tbl_menu` order by listorder asc,id desc\";', '1', '1478084209', '127.0.0.1'), ('92', 'admin', 'menu', 'list', 's:55:\"select * from `tbl_menu` order by listorder asc,id desc\";', '1', '1478084236', '127.0.0.1'), ('93', 'admin', 'menu', 'list', 's:55:\"select * from `tbl_menu` order by listorder asc,id desc\";', '1', '1478084272', '127.0.0.1'), ('94', 'admin', 'menu', 'list', 's:55:\"select * from `tbl_menu` order by listorder asc,id desc\";', '1', '1478084277', '127.0.0.1'), ('95', 'admin', 'menu', 'list', 's:55:\"select * from `tbl_menu` order by listorder asc,id desc\";', '1', '1478084497', '127.0.0.1'), ('96', 'admin', 'menu', 'list', 's:55:\"select * from `tbl_menu` order by listorder asc,id desc\";', '1', '1478084760', '127.0.0.1'), ('97', 'admin', 'menu', 'list', 's:55:\"select * from `tbl_menu` order by listorder asc,id desc\";', '1', '1478124170', '127.0.0.1'), ('98', 'admin', 'public', 'dologin', 's:70:\"管理员admin登录!SELECT * FROM `tbl_operator` WHERE `name`=\'admin\'\";', '1', '1478210901', '127.0.0.1'), ('99', 'admin', 'menu', 'list', 's:55:\"select * from `tbl_menu` order by listorder asc,id desc\";', '1', '1478210916', '127.0.0.1'), ('100', 'admin', 'menu', 'list', 's:55:\"select * from `tbl_menu` order by listorder asc,id desc\";', '1', '1478210934', '127.0.0.1');
INSERT INTO `tbl_logs` VALUES ('101', 'admin', 'public', 'dologin', 's:70:\"管理员admin登录!SELECT * FROM `tbl_operator` WHERE `name`=\'admin\'\";', '1', '1478308017', '127.0.0.1'), ('102', 'admin', 'menu', 'list', 's:55:\"select * from `tbl_menu` order by listorder asc,id desc\";', '1', '1478308022', '127.0.0.1'), ('103', 'admin', 'menu', 'list', 's:55:\"select * from `tbl_menu` order by listorder asc,id desc\";', '1', '1478308032', '127.0.0.1'), ('104', 'admin', 'menu', 'list', 's:55:\"select * from `tbl_menu` order by listorder asc,id desc\";', '1', '1478311464', '127.0.0.1'), ('105', 'admin', 'menu', 'list', 's:55:\"select * from `tbl_menu` order by listorder asc,id desc\";', '1', '1478311475', '127.0.0.1'), ('106', 'admin', 'public', 'dologin', 's:70:\"管理员admin登录!SELECT * FROM `tbl_operator` WHERE `name`=\'admin\'\";', '1', '1478311510', '127.0.0.1'), ('107', 'admin', 'menu', 'list', 's:55:\"select * from `tbl_menu` order by listorder asc,id desc\";', '1', '1478311518', '127.0.0.1'), ('108', 'admin', 'menu', 'list', 's:55:\"select * from `tbl_menu` order by listorder asc,id desc\";', '1', '1478311698', '127.0.0.1'), ('109', 'admin', 'public', 'dologin', 's:70:\"管理员admin登录!SELECT * FROM `tbl_operator` WHERE `name`=\'admin\'\";', '1', '1478785430', '127.0.0.1'), ('110', 'admin', 'public', 'dologin', 's:70:\"管理员admin登录!SELECT * FROM `tbl_operator` WHERE `name`=\'admin\'\";', '1', '1478785430', '127.0.0.1'), ('111', 'admin', 'menu', 'list', 's:55:\"select * from `tbl_menu` order by listorder asc,id desc\";', '1', '1478785448', '127.0.0.1'), ('112', 'admin', 'menu', 'list', 's:55:\"select * from `tbl_menu` order by listorder asc,id desc\";', '1', '1478785479', '127.0.0.1'), ('113', 'admin', 'public', 'dologin', 's:70:\"管理员admin登录!SELECT * FROM `tbl_operator` WHERE `name`=\'admin\'\";', '1', '1478789013', '127.0.0.1'), ('114', 'admin', 'menu', 'list', 's:55:\"select * from `tbl_menu` order by listorder asc,id desc\";', '1', '1478817962', '127.0.0.1'), ('115', 'admin', 'menu', 'list', 's:55:\"select * from `tbl_menu` order by listorder asc,id desc\";', '1', '1478817974', '127.0.0.1'), ('116', 'admin', 'menu', 'list', 's:55:\"select * from `tbl_menu` order by listorder asc,id desc\";', '1', '1478817994', '127.0.0.1'), ('117', 'admin', 'menu', 'list', 's:55:\"select * from `tbl_menu` order by listorder asc,id desc\";', '1', '1478817996', '127.0.0.1'), ('118', 'admin', 'public', 'dologin', 's:70:\"管理员admin登录!SELECT * FROM `tbl_operator` WHERE `name`=\'admin\'\";', '1', '1478912360', '127.0.0.1'), ('119', 'admin', 'menu', 'list', 's:55:\"select * from `tbl_menu` order by listorder asc,id desc\";', '1', '1478912364', '127.0.0.1'), ('120', 'admin', 'menu', 'list', 's:55:\"select * from `tbl_menu` order by listorder asc,id desc\";', '1', '1478912387', '127.0.0.1'), ('121', 'admin', 'menu', 'list', 's:55:\"select * from `tbl_menu` order by listorder asc,id desc\";', '1', '1478912692', '127.0.0.1'), ('122', 'admin', 'menu', 'list', 's:55:\"select * from `tbl_menu` order by listorder asc,id desc\";', '1', '1478912704', '127.0.0.1'), ('123', 'admin', 'menu', 'list', 's:55:\"select * from `tbl_menu` order by listorder asc,id desc\";', '1', '1478913451', '127.0.0.1'), ('124', 'admin', 'menu', 'list', 's:55:\"select * from `tbl_menu` order by listorder asc,id desc\";', '1', '1478913458', '127.0.0.1'), ('125', 'admin', 'menu', 'list', 's:55:\"select * from `tbl_menu` order by listorder asc,id desc\";', '1', '1478913460', '127.0.0.1'), ('126', 'admin', 'menu', 'list', 's:55:\"select * from `tbl_menu` order by listorder asc,id desc\";', '1', '1478913490', '127.0.0.1'), ('127', 'admin', 'menu', 'list', 's:55:\"select * from `tbl_menu` order by listorder asc,id desc\";', '1', '1478913675', '127.0.0.1'), ('128', 'admin', 'menu', 'delete', 's:1:\"1\";', '1', '1478914058', '127.0.0.1'), ('129', 'admin', 'menu', 'list', 's:55:\"select * from `tbl_menu` order by listorder asc,id desc\";', '1', '1478914062', '127.0.0.1'), ('130', 'admin', 'menu', 'delete', 's:38:\"DELETE FROM `tbl_menu` WHERE `id`=\'75\'\";', '1', '1478914697', '127.0.0.1'), ('131', 'admin', 'menu', 'list', 's:55:\"select * from `tbl_menu` order by listorder asc,id desc\";', '1', '1478914701', '127.0.0.1'), ('132', 'admin', 'menu', 'list', 's:55:\"select * from `tbl_menu` order by listorder asc,id desc\";', '1', '1478914725', '127.0.0.1'), ('133', 'admin', 'menu', 'doedit', 'N;', '1', '1478914955', '127.0.0.1'), ('134', 'admin', 'menu', 'list', 's:55:\"select * from `tbl_menu` order by listorder asc,id desc\";', '1', '1478914957', '127.0.0.1'), ('135', 'admin', 'menu', 'doedit', 'N;', '1', '1478914990', '127.0.0.1'), ('136', 'admin', 'menu', 'list', 's:55:\"select * from `tbl_menu` order by listorder asc,id desc\";', '1', '1478914992', '127.0.0.1'), ('137', 'admin', 'menu', 'doedit', 'N;', '1', '1478915631', '127.0.0.1'), ('138', 'admin', 'menu', 'list', 's:55:\"select * from `tbl_menu` order by listorder asc,id desc\";', '1', '1478915633', '127.0.0.1'), ('139', 'admin', 'menu', 'doedit', 'N;', '1', '1478915719', '127.0.0.1'), ('140', 'admin', 'menu', 'list', 's:55:\"select * from `tbl_menu` order by listorder asc,id desc\";', '1', '1478915721', '127.0.0.1'), ('141', 'admin', 'menu', 'doedit', 'N;', '1', '1478915823', '127.0.0.1'), ('142', 'admin', 'menu', 'list', 's:55:\"select * from `tbl_menu` order by listorder asc,id desc\";', '1', '1478915825', '127.0.0.1'), ('143', 'admin', 'menu', 'doedit', 'N;', '1', '1478915848', '127.0.0.1'), ('144', 'admin', 'menu', 'list', 's:55:\"select * from `tbl_menu` order by listorder asc,id desc\";', '1', '1478915850', '127.0.0.1'), ('145', 'admin', 'menu', 'doedit', 's:345:\"a:12:{s:2:\"id\";s:2:\"id\";s:8:\"parentid\";s:8:\"parentid\";s:4:\"name\";s:4:\"name\";s:4:\"icon\";s:4:\"icon\";s:6:\"action\";s:6:\"action\";s:6:\"method\";s:6:\"method\";s:11:\"create_time\";s:11:\"create_time\";s:11:\"modify_time\";s:11:\"modify_time\";s:9:\"listorder\";s:9:\"listorder\";s:10:\"alias_name\";s:10:\"alias_name\";s:5:\"focus\";s:5:\"focus\";s:6:\"active\";s:6:\"active\";}\";', '1', '1478917180', '127.0.0.1'), ('146', 'admin', 'menu', 'list', 's:55:\"select * from `tbl_menu` order by listorder asc,id desc\";', '1', '1478917182', '127.0.0.1'), ('147', 'admin', 'menu', 'doedit', 's:345:\"a:12:{s:2:\"id\";s:2:\"id\";s:8:\"parentid\";s:8:\"parentid\";s:4:\"name\";s:4:\"name\";s:4:\"icon\";s:4:\"icon\";s:6:\"action\";s:6:\"action\";s:6:\"method\";s:6:\"method\";s:11:\"create_time\";s:11:\"create_time\";s:11:\"modify_time\";s:11:\"modify_time\";s:9:\"listorder\";s:9:\"listorder\";s:10:\"alias_name\";s:10:\"alias_name\";s:5:\"focus\";s:5:\"focus\";s:6:\"active\";s:6:\"active\";}\";', '1', '1478917224', '127.0.0.1'), ('148', 'admin', 'menu', 'list', 's:55:\"select * from `tbl_menu` order by listorder asc,id desc\";', '1', '1478917226', '127.0.0.1'), ('149', 'admin', 'menu', 'doedit', 'a:12:{s:2:\"id\";s:2:\"id\";s:8:\"parentid\";s:8:\"parentid\";s:4:\"name\";s:4:\"name\";s:4:\"icon\";s:4:\"icon\";s:6:\"action\";s:6:\"action\";s:6:\"method\";s:6:\"method\";s:11:\"create_time\";s:11:\"create_time\";s:11:\"modify_time\";s:11:\"modify_time\";s:9:\"listorder\";s:9:\"listorder\";s:10:\"alias_name\";s:10:\"alias_name\";s:5:\"focus\";s:5:\"focus\";s:6:\"active\";s:6:\"active\";}', '1', '1478917266', '127.0.0.1'), ('150', 'admin', 'menu', 'list', 's:55:\"select * from `tbl_menu` order by listorder asc,id desc\";', '1', '1478917269', '127.0.0.1'), ('151', 'admin', 'menu', 'doedit', 'a:12:{s:2:\"id\";s:2:\"71\";s:8:\"parentid\";s:1:\"0\";s:4:\"name\";s:12:\"会诊管理\";s:4:\"icon\";s:24:\"menu-icon fa fa-calendar\";s:6:\"action\";s:12:\"consultation\";s:6:\"method\";s:16:\"consultation1511\";s:11:\"create_time\";s:19:\"2016-08-24 14:18:02\";s:11:\"modify_time\";s:19:\"2016-11-12 10:22:01\";s:9:\"listorder\";s:1:\"0\";s:10:\"alias_name\";s:12:\"consultation\";s:5:\"focus\";s:13:\"consultation1\";s:6:\"active\";s:12:\"consultation\";}', '1', '1478917321', '127.0.0.1'), ('152', 'admin', 'menu', 'list', 's:55:\"select * from `tbl_menu` order by listorder asc,id desc\";', '1', '1478917324', '127.0.0.1'), ('153', 'admin', 'menu', 'list', 's:55:\"select * from `tbl_menu` order by listorder asc,id desc\";', '1', '1478917515', '127.0.0.1'), ('154', 'admin', 'menu', 'doedit', 'a:12:{i:0;s:2:\"id\";i:1;s:8:\"parentid\";i:2;s:4:\"name\";i:3;s:4:\"icon\";i:4;s:6:\"action\";i:5;s:6:\"method\";i:6;s:11:\"create_time\";i:7;s:11:\"modify_time\";i:8;s:9:\"listorder\";i:9;s:10:\"alias_name\";i:10;s:5:\"focus\";i:11;s:6:\"active\";}', '1', '1478918325', '127.0.0.1'), ('155', 'admin', 'menu', 'list', 's:55:\"select * from `tbl_menu` order by listorder asc,id desc\";', '1', '1478918327', '127.0.0.1'), ('156', 'admin', 'menu', 'doedit', 'a:11:{s:8:\"parentid\";s:1:\"0\";s:4:\"name\";s:12:\"会诊管理\";s:10:\"alias_name\";s:12:\"consultation\";s:6:\"action\";s:12:\"consultation\";s:6:\"method\";s:12:\"consultation\";s:4:\"icon\";s:24:\"menu-icon fa fa-calendar\";s:9:\"listorder\";s:1:\"0\";s:5:\"focus\";s:13:\"consultation1\";s:6:\"active\";s:12:\"consultation\";s:2:\"id\";s:2:\"71\";s:5:\"_csrf\";s:56:\"VFJwWkF0TkgVOy8zOwYoe2QlBCl0Jn0QMh0SLiwSGQY/IEkuOCIBeA==\";}', '1', '1478918440', '127.0.0.1'), ('157', 'admin', 'menu', 'list', 's:55:\"select * from `tbl_menu` order by listorder asc,id desc\";', '1', '1478918442', '127.0.0.1'), ('158', 'admin', 'menu', 'doedit', 'a:11:{s:8:\"parentid\";s:1:\"0\";s:4:\"name\";s:12:\"会诊管理\";s:10:\"alias_name\";s:12:\"consultation\";s:6:\"action\";s:12:\"consultation\";s:6:\"method\";s:12:\"consultation\";s:4:\"icon\";s:24:\"menu-icon fa fa-calendar\";s:9:\"listorder\";s:1:\"0\";s:5:\"focus\";s:13:\"consultation1\";s:6:\"active\";s:12:\"consultation\";s:2:\"id\";s:2:\"71\";s:5:\"_csrf\";s:56:\"OUw3alQuajF4JWgDLlwMAgk7QxlhfFlpXwNVHjlIPX9SPg4eLXglAQ==\";}', '1', '1478918489', '127.0.0.1'), ('159', 'admin', 'menu', 'list', 's:55:\"select * from `tbl_menu` order by listorder asc,id desc\";', '1', '1478918492', '127.0.0.1'), ('160', 'admin', 'menu', 'list', 's:55:\"select * from `tbl_menu` order by listorder asc,id desc\";', '1', '1478918507', '127.0.0.1'), ('161', 'admin', 'menu', 'delete', 's:38:\"DELETE FROM `tbl_menu` WHERE `id`=\'71\'\";', '1', '1478918514', '127.0.0.1'), ('162', 'admin', 'menu', 'list', 's:55:\"select * from `tbl_menu` order by listorder asc,id desc\";', '1', '1478918517', '127.0.0.1'), ('163', 'admin', 'menu', 'list', 's:55:\"select * from `tbl_menu` order by listorder asc,id desc\";', '1', '1478918525', '127.0.0.1'), ('164', 'admin', 'menu', 'list', 's:55:\"select * from `tbl_menu` order by listorder asc,id desc\";', '1', '1478918700', '127.0.0.1'), ('165', 'admin', 'menu', 'list', 's:55:\"select * from `tbl_menu` order by listorder asc,id desc\";', '1', '1478918707', '127.0.0.1'), ('166', 'admin', 'menu', 'list', 's:55:\"select * from `tbl_menu` order by listorder asc,id desc\";', '1', '1478918711', '127.0.0.1'), ('167', 'admin', 'menu', 'list', 's:55:\"select * from `tbl_menu` order by listorder asc,id desc\";', '1', '1478918724', '127.0.0.1'), ('168', 'admin', 'menu', 'list', 's:55:\"select * from `tbl_menu` order by listorder asc,id desc\";', '1', '1478918737', '127.0.0.1'), ('169', 'admin', 'menu', 'list', 's:55:\"select * from `tbl_menu` order by listorder asc,id desc\";', '1', '1478918952', '127.0.0.1'), ('170', 'admin', 'menu', 'list', 's:55:\"select * from `tbl_menu` order by listorder asc,id desc\";', '1', '1478919018', '127.0.0.1'), ('171', 'admin', 'menu', 'list', 's:55:\"select * from `tbl_menu` order by listorder asc,id desc\";', '1', '1478919022', '127.0.0.1'), ('172', 'admin', 'menu', 'list', 's:55:\"select * from `tbl_menu` order by listorder asc,id desc\";', '1', '1478919068', '127.0.0.1'), ('173', 'admin', 'menu', 'list', 's:55:\"select * from `tbl_menu` order by listorder asc,id desc\";', '1', '1478919070', '127.0.0.1'), ('174', 'admin', 'menu', 'list', 's:55:\"select * from `tbl_menu` order by listorder asc,id desc\";', '1', '1478919095', '127.0.0.1'), ('175', 'admin', 'menu', 'list', 's:55:\"select * from `tbl_menu` order by listorder asc,id desc\";', '1', '1478919105', '127.0.0.1'), ('176', 'admin', 'menu', 'list', 's:55:\"select * from `tbl_menu` order by listorder asc,id desc\";', '1', '1478919142', '127.0.0.1'), ('177', 'admin', 'menu', 'list', 's:55:\"select * from `tbl_menu` order by listorder asc,id desc\";', '1', '1478919377', '127.0.0.1'), ('178', 'admin', 'menu', 'list', 's:55:\"select * from `tbl_menu` order by listorder asc,id desc\";', '1', '1478919378', '127.0.0.1'), ('179', 'admin', 'menu', 'list', 's:55:\"select * from `tbl_menu` order by listorder asc,id desc\";', '1', '1478919460', '127.0.0.1'), ('180', 'admin', 'menu', 'list', 's:55:\"select * from `tbl_menu` order by listorder asc,id desc\";', '1', '1478919463', '127.0.0.1'), ('181', 'admin', 'menu', 'list', 's:55:\"select * from `tbl_menu` order by listorder asc,id desc\";', '1', '1478919479', '127.0.0.1'), ('182', 'admin', 'menu', 'list', 's:55:\"select * from `tbl_menu` order by listorder asc,id desc\";', '1', '1478919487', '127.0.0.1'), ('183', 'admin', 'menu', 'list', 's:55:\"select * from `tbl_menu` order by listorder asc,id desc\";', '1', '1478919499', '127.0.0.1'), ('184', 'admin', 'menu', 'list', 's:55:\"select * from `tbl_menu` order by listorder asc,id desc\";', '1', '1478919502', '127.0.0.1'), ('185', 'admin', 'menu', 'list', 's:55:\"select * from `tbl_menu` order by listorder asc,id desc\";', '1', '1478919516', '127.0.0.1'), ('186', 'admin', 'menu', 'list', 's:55:\"select * from `tbl_menu` order by listorder asc,id desc\";', '1', '1478919532', '127.0.0.1'), ('187', 'admin', 'menu', 'list', 's:55:\"select * from `tbl_menu` order by listorder asc,id desc\";', '1', '1478919535', '127.0.0.1'), ('188', 'admin', 'menu', 'list', 's:55:\"select * from `tbl_menu` order by listorder asc,id desc\";', '1', '1478919549', '127.0.0.1'), ('189', 'admin', 'menu', 'list', 's:55:\"select * from `tbl_menu` order by listorder asc,id desc\";', '1', '1478919570', '127.0.0.1'), ('190', 'admin', 'menu', 'list', 's:55:\"select * from `tbl_menu` order by listorder asc,id desc\";', '1', '1478919573', '127.0.0.1'), ('191', 'admin', 'menu', 'list', 's:55:\"select * from `tbl_menu` order by listorder asc,id desc\";', '1', '1478919589', '127.0.0.1'), ('192', 'admin', 'menu', 'list', 's:55:\"select * from `tbl_menu` order by listorder asc,id desc\";', '1', '1478919591', '127.0.0.1'), ('193', 'admin', 'menu', 'list', 's:55:\"select * from `tbl_menu` order by listorder asc,id desc\";', '1', '1478919603', '127.0.0.1'), ('194', 'admin', 'menu', 'list', 's:55:\"select * from `tbl_menu` order by listorder asc,id desc\";', '1', '1478919644', '127.0.0.1'), ('195', 'admin', 'menu', 'list', 's:55:\"select * from `tbl_menu` order by listorder asc,id desc\";', '1', '1478919646', '127.0.0.1'), ('196', 'admin', 'menu', 'list', 's:55:\"select * from `tbl_menu` order by listorder asc,id desc\";', '1', '1478919668', '127.0.0.1'), ('197', 'admin', 'menu', 'list', 's:55:\"select * from `tbl_menu` order by listorder asc,id desc\";', '1', '1478919684', '127.0.0.1'), ('198', 'admin', 'menu', 'list', 's:55:\"select * from `tbl_menu` order by listorder asc,id desc\";', '1', '1478919687', '127.0.0.1'), ('199', 'admin', 'menu', 'list', 's:55:\"select * from `tbl_menu` order by listorder asc,id desc\";', '1', '1478919751', '127.0.0.1'), ('200', 'admin', 'menu', 'list', 's:55:\"select * from `tbl_menu` order by listorder asc,id desc\";', '1', '1478919758', '127.0.0.1');
INSERT INTO `tbl_logs` VALUES ('201', 'admin', 'menu', 'list', 's:55:\"select * from `tbl_menu` order by listorder asc,id desc\";', '1', '1478919787', '127.0.0.1'), ('202', 'admin', 'menu', 'list', 's:55:\"select * from `tbl_menu` order by listorder asc,id desc\";', '1', '1478919796', '127.0.0.1'), ('203', 'admin', 'menu', 'list', 's:55:\"select * from `tbl_menu` order by listorder asc,id desc\";', '1', '1478919825', '127.0.0.1'), ('204', 'admin', 'menu', 'list', 's:55:\"select * from `tbl_menu` order by listorder asc,id desc\";', '1', '1478919846', '127.0.0.1'), ('205', 'admin', 'menu', 'list', 's:55:\"select * from `tbl_menu` order by listorder asc,id desc\";', '1', '1478919886', '127.0.0.1'), ('206', 'admin', 'menu', 'list', 's:55:\"select * from `tbl_menu` order by listorder asc,id desc\";', '1', '1478919922', '127.0.0.1'), ('207', 'admin', 'menu', 'list', 's:55:\"select * from `tbl_menu` order by listorder asc,id desc\";', '1', '1478919962', '127.0.0.1'), ('208', 'admin', 'menu', 'list', 's:55:\"select * from `tbl_menu` order by listorder asc,id desc\";', '1', '1478919969', '127.0.0.1'), ('209', 'admin', 'menu', 'list', 's:55:\"select * from `tbl_menu` order by listorder asc,id desc\";', '1', '1478920041', '127.0.0.1'), ('210', 'admin', 'menu', 'list', 's:55:\"select * from `tbl_menu` order by listorder asc,id desc\";', '1', '1478920044', '127.0.0.1'), ('211', 'admin', 'menu', 'list', 's:55:\"select * from `tbl_menu` order by listorder asc,id desc\";', '1', '1478920061', '127.0.0.1'), ('212', 'admin', 'menu', 'list', 's:55:\"select * from `tbl_menu` order by listorder asc,id desc\";', '1', '1478920092', '127.0.0.1'), ('213', 'admin', 'menu', 'list', 's:55:\"select * from `tbl_menu` order by listorder asc,id desc\";', '1', '1478920134', '127.0.0.1'), ('214', 'admin', 'menu', 'list', 's:55:\"select * from `tbl_menu` order by listorder asc,id desc\";', '1', '1478920136', '127.0.0.1'), ('215', 'admin', 'menu', 'list', 's:55:\"select * from `tbl_menu` order by listorder asc,id desc\";', '1', '1478920151', '127.0.0.1'), ('216', 'admin', 'menu', 'list', 's:55:\"select * from `tbl_menu` order by listorder asc,id desc\";', '1', '1478920162', '127.0.0.1'), ('217', 'admin', 'menu', 'list', 's:55:\"select * from `tbl_menu` order by listorder asc,id desc\";', '1', '1478920165', '127.0.0.1'), ('218', 'admin', 'menu', 'list', 's:55:\"select * from `tbl_menu` order by listorder asc,id desc\";', '1', '1478920171', '127.0.0.1'), ('219', 'admin', 'menu', 'list', 's:55:\"select * from `tbl_menu` order by listorder asc,id desc\";', '1', '1478920183', '127.0.0.1'), ('220', 'admin', 'menu', 'list', 's:55:\"select * from `tbl_menu` order by listorder asc,id desc\";', '1', '1478920187', '127.0.0.1'), ('221', 'admin', 'menu', 'list', 's:55:\"select * from `tbl_menu` order by listorder asc,id desc\";', '1', '1478920295', '127.0.0.1'), ('222', 'admin', 'menu', 'list', 's:55:\"select * from `tbl_menu` order by listorder asc,id desc\";', '1', '1478920301', '127.0.0.1'), ('223', 'admin', 'menu', 'list', 's:55:\"select * from `tbl_menu` order by listorder asc,id desc\";', '1', '1478920319', '127.0.0.1'), ('224', 'admin', 'menu', 'list', 's:55:\"select * from `tbl_menu` order by listorder asc,id desc\";', '1', '1478920325', '127.0.0.1'), ('225', 'admin', 'menu', 'list', 's:55:\"select * from `tbl_menu` order by listorder asc,id desc\";', '1', '1478920449', '127.0.0.1'), ('226', 'admin', 'menu', 'list', 's:55:\"select * from `tbl_menu` order by listorder asc,id desc\";', '1', '1478920451', '127.0.0.1'), ('227', 'admin', 'menu', 'list', 's:55:\"select * from `tbl_menu` order by listorder asc,id desc\";', '1', '1478920451', '127.0.0.1'), ('228', 'admin', 'menu', 'list', 's:55:\"select * from `tbl_menu` order by listorder asc,id desc\";', '1', '1478920452', '127.0.0.1'), ('229', 'admin', 'menu', 'list', 's:55:\"select * from `tbl_menu` order by listorder asc,id desc\";', '1', '1478920452', '127.0.0.1'), ('230', 'admin', 'menu', 'list', 's:55:\"select * from `tbl_menu` order by listorder asc,id desc\";', '1', '1478920452', '127.0.0.1'), ('231', 'admin', 'menu', 'list', 's:55:\"select * from `tbl_menu` order by listorder asc,id desc\";', '1', '1478920504', '127.0.0.1'), ('232', 'admin', 'menu', 'list', 's:55:\"select * from `tbl_menu` order by listorder asc,id desc\";', '1', '1478920507', '127.0.0.1'), ('233', 'admin', 'menu', 'list', 's:55:\"select * from `tbl_menu` order by listorder asc,id desc\";', '1', '1478920509', '127.0.0.1'), ('234', 'admin', 'menu', 'list', 's:55:\"select * from `tbl_menu` order by listorder asc,id desc\";', '1', '1478920518', '127.0.0.1'), ('235', 'admin', 'menu', 'list', 's:55:\"select * from `tbl_menu` order by listorder asc,id desc\";', '1', '1478920596', '127.0.0.1'), ('236', 'admin', 'menu', 'list', 's:55:\"select * from `tbl_menu` order by listorder asc,id desc\";', '1', '1478920692', '127.0.0.1'), ('237', 'admin', 'menu', 'list', 's:55:\"select * from `tbl_menu` order by listorder asc,id desc\";', '1', '1478920694', '127.0.0.1'), ('238', 'admin', 'menu', 'list', 's:55:\"select * from `tbl_menu` order by listorder asc,id desc\";', '1', '1478920696', '127.0.0.1'), ('239', 'admin', 'menu', 'doedit', 'a:11:{s:8:\"parentid\";s:1:\"0\";s:4:\"name\";s:12:\"内容管理\";s:10:\"alias_name\";s:14:\"content-manage\";s:6:\"action\";s:7:\"article\";s:6:\"method\";s:5:\"index\";s:4:\"icon\";s:24:\"menu-icon fa fa-calendar\";s:9:\"listorder\";s:1:\"0\";s:5:\"focus\";s:1:\"a\";s:6:\"active\";s:1:\"a\";s:2:\"id\";s:2:\"76\";s:5:\"_csrf\";s:56:\"b0UycTN2SEwuLG0YSQQuf18yRgIGJHsUCQpQBV4QHwIENwsFSiAHfA==\";}', '1', '1478920718', '127.0.0.1'), ('240', 'admin', 'menu', 'list', 's:55:\"select * from `tbl_menu` order by listorder asc,id desc\";', '1', '1478920720', '127.0.0.1'), ('241', 'admin', 'menu', 'list', 's:55:\"select * from `tbl_menu` order by listorder asc,id desc\";', '1', '1478925425', '127.0.0.1'), ('242', 'admin', 'menu', 'list', 's:55:\"select * from `tbl_menu` order by listorder asc,id desc\";', '1', '1479003806', '127.0.0.1'), ('243', 'admin', 'menu', 'list', 's:55:\"select * from `tbl_menu` order by listorder asc,id desc\";', '1', '1479003809', '127.0.0.1'), ('244', 'admin', 'menu', 'list', 's:55:\"select * from `tbl_menu` order by listorder asc,id desc\";', '1', '1479006856', '127.0.0.1'), ('245', 'admin', 'menu', 'list', 's:55:\"select * from `tbl_menu` order by listorder asc,id desc\";', '1', '1479006877', '127.0.0.1'), ('246', 'admin', 'public', 'dologin', 's:70:\"管理员admin登录!SELECT * FROM `tbl_operator` WHERE `name`=\'admin\'\";', '1', '1479220261', '127.0.0.1'), ('247', 'admin', 'public', 'dologin', 's:70:\"管理员admin登录!SELECT * FROM `tbl_operator` WHERE `name`=\'admin\'\";', '1', '1479220262', '127.0.0.1'), ('248', 'admin', 'menu', 'list', 's:55:\"select * from `tbl_menu` order by listorder asc,id desc\";', '1', '1479220265', '127.0.0.1'), ('249', 'admin', 'menu', 'list', 's:55:\"select * from `tbl_menu` order by listorder asc,id desc\";', '1', '1479220279', '127.0.0.1'), ('250', 'admin', 'menu', 'list', 's:55:\"select * from `tbl_menu` order by listorder asc,id desc\";', '1', '1479220649', '127.0.0.1'), ('251', 'admin', 'menu', 'list', 's:55:\"select * from `tbl_menu` order by listorder asc,id desc\";', '1', '1479220660', '127.0.0.1'), ('252', 'admin', 'menu', 'list', 's:55:\"select * from `tbl_menu` order by listorder asc,id desc\";', '1', '1479220676', '127.0.0.1'), ('253', 'admin', 'menu', 'list', 's:55:\"select * from `tbl_menu` order by listorder asc,id desc\";', '1', '1479220685', '127.0.0.1'), ('254', 'admin', 'menu', 'list', 's:55:\"select * from `tbl_menu` order by listorder asc,id desc\";', '1', '1479222055', '127.0.0.1'), ('255', 'admin', 'public', 'dologin', 's:70:\"管理员admin登录!SELECT * FROM `tbl_operator` WHERE `name`=\'admin\'\";', '1', '1479480613', '127.0.0.1'), ('256', 'admin', 'public', 'dologin', 's:70:\"管理员admin登录!SELECT * FROM `tbl_operator` WHERE `name`=\'admin\'\";', '1', '1479480614', '127.0.0.1'), ('257', 'admin', 'menu', 'list', 's:55:\"select * from `tbl_menu` order by listorder asc,id desc\";', '1', '1479480624', '127.0.0.1'), ('258', 'admin', 'public', 'dologin', 's:70:\"管理员admin登录!SELECT * FROM `tbl_operator` WHERE `name`=\'admin\'\";', '1', '1479655852', '127.0.0.1'), ('259', 'admin', 'menu', 'list', 's:55:\"select * from `tbl_menu` order by listorder asc,id desc\";', '1', '1479655900', '127.0.0.1'), ('260', 'admin', 'menu', 'list', 's:55:\"select * from `tbl_menu` order by listorder asc,id desc\";', '1', '1479655911', '127.0.0.1'), ('261', 'admin', 'public', 'dologin', 's:70:\"管理员admin登录!SELECT * FROM `tbl_operator` WHERE `name`=\'admin\'\";', '1', '1479769374', '127.0.0.1'), ('262', 'admin', 'public', 'dologin', 's:70:\"管理员admin登录!SELECT * FROM `tbl_operator` WHERE `name`=\'admin\'\";', '1', '1479769944', '127.0.0.1'), ('263', 'admin', 'menu', 'list', 's:55:\"select * from `tbl_menu` order by listorder asc,id desc\";', '1', '1479770304', '127.0.0.1'), ('264', 'admin', 'menu', 'list', 's:55:\"select * from `tbl_menu` order by listorder asc,id desc\";', '1', '1479770308', '127.0.0.1'), ('265', 'admin', 'public', 'dologin', 's:70:\"管理员admin登录!SELECT * FROM `tbl_operator` WHERE `name`=\'admin\'\";', '1', '1479817566', '127.0.0.1'), ('266', 'admin', 'menu', 'list', 's:55:\"select * from `tbl_menu` order by listorder asc,id desc\";', '1', '1479817569', '127.0.0.1'), ('267', 'admin', 'menu', 'list', 's:55:\"select * from `tbl_menu` order by listorder asc,id desc\";', '1', '1479817587', '127.0.0.1'), ('268', 'admin', 'menu', 'list', 's:55:\"select * from `tbl_menu` order by listorder asc,id desc\";', '1', '1479817735', '127.0.0.1'), ('269', 'admin', 'menu', 'list', 's:55:\"select * from `tbl_menu` order by listorder asc,id desc\";', '1', '1479817748', '127.0.0.1'), ('270', 'admin', 'menu', 'list', 's:55:\"select * from `tbl_menu` order by listorder asc,id desc\";', '1', '1479817757', '127.0.0.1'), ('271', 'admin', 'menu', 'list', 's:55:\"select * from `tbl_menu` order by listorder asc,id desc\";', '1', '1479817899', '127.0.0.1'), ('272', 'admin', 'menu', 'list', 's:55:\"select * from `tbl_menu` order by listorder asc,id desc\";', '1', '1479817915', '127.0.0.1'), ('273', 'admin', 'menu', 'list', 's:55:\"select * from `tbl_menu` order by listorder asc,id desc\";', '1', '1479817981', '127.0.0.1'), ('274', 'admin', 'public', 'dologin', 's:70:\"管理员admin登录!SELECT * FROM `tbl_operator` WHERE `name`=\'admin\'\";', '1', '1479940741', '127.0.0.1'), ('275', 'admin', 'menu', 'list', 's:55:\"select * from `tbl_menu` order by listorder asc,id desc\";', '1', '1479940744', '127.0.0.1'), ('276', 'admin', 'menu', 'list', 's:55:\"select * from `tbl_menu` order by listorder asc,id desc\";', '1', '1479940775', '127.0.0.1'), ('277', 'admin', 'menu', 'list', 's:55:\"select * from `tbl_menu` order by listorder asc,id desc\";', '1', '1479940785', '127.0.0.1'), ('278', 'admin', 'menu', 'list', 's:55:\"select * from `tbl_menu` order by listorder asc,id desc\";', '1', '1479940797', '127.0.0.1'), ('279', 'admin', 'menu', 'list', 's:55:\"select * from `tbl_menu` order by listorder asc,id desc\";', '1', '1479940871', '127.0.0.1'), ('280', 'admin', 'menu', 'list', 's:55:\"select * from `tbl_menu` order by listorder asc,id desc\";', '1', '1479941147', '127.0.0.1'), ('281', 'admin', 'menu', 'list', 's:55:\"select * from `tbl_menu` order by listorder asc,id desc\";', '1', '1479941873', '127.0.0.1'), ('282', 'admin', 'menu', 'list', 's:55:\"select * from `tbl_menu` order by listorder asc,id desc\";', '1', '1479941995', '127.0.0.1'), ('283', 'admin', 'public', 'dologin', 's:70:\"管理员admin登录!SELECT * FROM `tbl_operator` WHERE `name`=\'admin\'\";', '1', '1480736028', '127.0.0.1'), ('284', 'admin', 'menu', 'list', 's:55:\"select * from `tbl_menu` order by listorder asc,id desc\";', '1', '1480736036', '127.0.0.1'), ('285', 'admin', 'menu', 'list', 's:55:\"select * from `tbl_menu` order by listorder asc,id desc\";', '1', '1480736072', '127.0.0.1'), ('286', 'admin', 'public', 'dologin', 's:70:\"管理员admin登录!SELECT * FROM `tbl_operator` WHERE `name`=\'admin\'\";', '1', '1481419080', '127.0.0.1'), ('287', 'admin', 'menu', 'list', 's:55:\"select * from `tbl_menu` order by listorder asc,id desc\";', '1', '1481419090', '127.0.0.1'), ('288', 'admin', 'menu', 'list', 's:55:\"select * from `tbl_menu` order by listorder asc,id desc\";', '1', '1481420299', '127.0.0.1'), ('289', 'admin', 'menu', 'list', 's:55:\"select * from `tbl_menu` order by listorder asc,id desc\";', '1', '1481420303', '127.0.0.1'), ('290', 'admin', 'public', 'dologin', 's:70:\"管理员admin登录!SELECT * FROM `tbl_operator` WHERE `name`=\'admin\'\";', '1', '1481726324', '127.0.0.1'), ('291', 'admin', 'menu', 'list', 's:55:\"select * from `tbl_menu` order by listorder asc,id desc\";', '1', '1481726328', '127.0.0.1'), ('292', 'admin', 'menu', 'list', 's:55:\"select * from `tbl_menu` order by listorder asc,id desc\";', '1', '1481726349', '127.0.0.1'), ('293', 'admin', 'menu', 'list', 's:55:\"select * from `tbl_menu` order by listorder asc,id desc\";', '1', '1481726501', '127.0.0.1'), ('294', 'admin', 'public', 'dologin', 's:70:\"管理员admin登录!SELECT * FROM `tbl_operator` WHERE `name`=\'admin\'\";', '1', '1482531796', '127.0.0.1'), ('295', 'admin', 'menu', 'list', 's:55:\"select * from `tbl_menu` order by listorder asc,id desc\";', '1', '1482531807', '127.0.0.1'), ('296', 'admin', 'menu', 'list', 's:55:\"select * from `tbl_menu` order by listorder asc,id desc\";', '1', '1482531829', '127.0.0.1'), ('297', 'admin', 'menu', 'list', 's:55:\"select * from `tbl_menu` order by listorder asc,id desc\";', '1', '1482531833', '127.0.0.1'), ('298', 'admin', 'menu', 'list', 's:55:\"select * from `tbl_menu` order by listorder asc,id desc\";', '1', '1482532261', '127.0.0.1'), ('299', 'admin', 'menu', 'list', 's:55:\"select * from `tbl_menu` order by listorder asc,id desc\";', '1', '1482532273', '127.0.0.1'), ('300', 'admin', 'menu', 'list', 's:55:\"select * from `tbl_menu` order by listorder asc,id desc\";', '1', '1482532277', '127.0.0.1');
INSERT INTO `tbl_logs` VALUES ('301', 'admin', 'public', 'dologin', 's:70:\"管理员admin登录!SELECT * FROM `tbl_operator` WHERE `name`=\'admin\'\";', '1', '1482595558', '127.0.0.1'), ('302', 'admin', 'menu', 'list', 's:55:\"select * from `tbl_menu` order by listorder asc,id desc\";', '1', '1482595565', '127.0.0.1'), ('303', 'admin', 'public', 'dologin', 's:70:\"管理员admin登录!SELECT * FROM `tbl_operator` WHERE `name`=\'admin\'\";', '1', '1482629130', '127.0.0.1'), ('304', 'admin', 'menu', 'list', 's:55:\"select * from `tbl_menu` order by listorder asc,id desc\";', '1', '1482629141', '127.0.0.1'), ('305', 'admin', 'menu', 'list', 's:55:\"select * from `tbl_menu` order by listorder asc,id desc\";', '1', '1482629276', '127.0.0.1'), ('306', 'admin', 'menu', 'list', 's:55:\"select * from `tbl_menu` order by listorder asc,id desc\";', '1', '1482629288', '127.0.0.1'), ('307', 'admin', 'menu', 'list', 's:55:\"select * from `tbl_menu` order by listorder asc,id desc\";', '1', '1482629321', '127.0.0.1'), ('308', 'admin', 'menu', 'list', 's:55:\"select * from `tbl_menu` order by listorder asc,id desc\";', '1', '1482629569', '127.0.0.1'), ('309', 'admin', 'menu', 'list', 's:55:\"select * from `tbl_menu` order by listorder asc,id desc\";', '1', '1482629574', '127.0.0.1'), ('310', 'admin', 'menu', 'list', 's:55:\"select * from `tbl_menu` order by listorder asc,id desc\";', '1', '1482629596', '127.0.0.1'), ('311', 'admin', 'menu', 'list', 's:55:\"select * from `tbl_menu` order by listorder asc,id desc\";', '1', '1482629627', '127.0.0.1'), ('312', 'admin', 'public', 'dologin', 's:70:\"管理员admin登录!SELECT * FROM `tbl_operator` WHERE `name`=\'admin\'\";', '1', '1482755275', '127.0.0.1'), ('313', 'admin', 'menu', 'list', 's:55:\"select * from `tbl_menu` order by listorder asc,id desc\";', '1', '1482755278', '127.0.0.1'), ('314', 'admin', 'public', 'dologin', 's:70:\"管理员admin登录!SELECT * FROM `tbl_operator` WHERE `name`=\'admin\'\";', '1', '1483285915', '127.0.0.1'), ('315', 'admin', 'menu', 'list', 's:55:\"select * from `tbl_menu` order by listorder asc,id desc\";', '1', '1483285927', '127.0.0.1'), ('316', 'admin', 'menu', 'list', 's:55:\"select * from `tbl_menu` order by listorder asc,id desc\";', '1', '1483286115', '127.0.0.1'), ('317', 'admin', 'menu', 'list', 's:55:\"select * from `tbl_menu` order by listorder asc,id desc\";', '1', '1483286121', '127.0.0.1'), ('318', 'admin', 'menu', 'list', 's:55:\"select * from `tbl_menu` order by listorder asc,id desc\";', '1', '1483286125', '127.0.0.1'), ('319', 'admin', 'menu', 'list', 's:55:\"select * from `tbl_menu` order by listorder asc,id desc\";', '1', '1483286130', '127.0.0.1'), ('320', 'admin', 'menu', 'list', 's:55:\"select * from `tbl_menu` order by listorder asc,id desc\";', '1', '1483286595', '127.0.0.1'), ('321', 'admin', 'menu', 'list', 's:55:\"select * from `tbl_menu` order by listorder asc,id desc\";', '1', '1483286598', '127.0.0.1'), ('322', 'admin', 'menu', 'list', 's:55:\"select * from `tbl_menu` order by listorder asc,id desc\";', '1', '1483286619', '127.0.0.1'), ('323', 'admin', 'menu', 'list', 's:55:\"select * from `tbl_menu` order by listorder asc,id desc\";', '1', '1483286673', '127.0.0.1'), ('324', 'admin', 'menu', 'list', 's:55:\"select * from `tbl_menu` order by listorder asc,id desc\";', '1', '1483286688', '127.0.0.1'), ('325', 'admin', 'menu', 'list', 's:55:\"select * from `tbl_menu` order by listorder asc,id desc\";', '1', '1483287185', '127.0.0.1'), ('326', 'admin', 'menu', 'list', 's:55:\"select * from `tbl_menu` order by listorder asc,id desc\";', '1', '1483287293', '127.0.0.1'), ('327', 'admin', 'menu', 'list', 's:55:\"select * from `tbl_menu` order by listorder asc,id desc\";', '1', '1483287300', '127.0.0.1'), ('328', 'admin', 'menu', 'list', 's:55:\"select * from `tbl_menu` order by listorder asc,id desc\";', '1', '1483287309', '127.0.0.1'), ('329', 'admin', 'menu', 'list', 's:55:\"select * from `tbl_menu` order by listorder asc,id desc\";', '1', '1483287315', '127.0.0.1'), ('330', 'admin', 'public', 'dologin', 's:70:\"管理员admin登录!SELECT * FROM `tbl_operator` WHERE `name`=\'admin\'\";', '1', '1483361638', '127.0.0.1'), ('331', 'admin', 'menu', 'list', 's:55:\"select * from `tbl_menu` order by listorder asc,id desc\";', '1', '1483361642', '127.0.0.1'), ('332', 'admin', 'menu', 'list', 's:55:\"select * from `tbl_menu` order by listorder asc,id desc\";', '1', '1483361918', '127.0.0.1'), ('333', 'admin', 'menu', 'list', 's:55:\"select * from `tbl_menu` order by listorder asc,id desc\";', '1', '1483362459', '127.0.0.1'), ('334', 'admin', 'menu', 'list', 's:55:\"select * from `tbl_menu` order by listorder asc,id desc\";', '1', '1483362464', '127.0.0.1'), ('335', 'admin', 'menu', 'list', 's:55:\"select * from `tbl_menu` order by listorder asc,id desc\";', '1', '1483362465', '127.0.0.1'), ('336', 'admin', 'public', 'dologin', 's:70:\"管理员admin登录!SELECT * FROM `tbl_operator` WHERE `name`=\'admin\'\";', '1', '1483569156', '127.0.0.1'), ('337', 'admin', 'menu', 'list', 's:55:\"select * from `tbl_menu` order by listorder asc,id desc\";', '1', '1483569166', '127.0.0.1'), ('338', 'admin', 'menu', 'list', 's:55:\"select * from `tbl_menu` order by listorder asc,id desc\";', '1', '1483569173', '127.0.0.1'), ('339', 'admin', 'menu', 'list', 's:55:\"select * from `tbl_menu` order by listorder asc,id desc\";', '1', '1483569176', '127.0.0.1'), ('340', 'admin', 'menu', 'list', 's:55:\"select * from `tbl_menu` order by listorder asc,id desc\";', '1', '1483569236', '127.0.0.1'), ('341', 'admin', 'public', 'dologin', 's:70:\"管理员admin登录!SELECT * FROM `tbl_operator` WHERE `name`=\'admin\'\";', '1', '1484437946', '127.0.0.1'), ('342', 'admin', 'menu', 'list', 's:55:\"select * from `tbl_menu` order by listorder asc,id desc\";', '1', '1484437952', '127.0.0.1'), ('343', 'admin', 'menu', 'list', 's:55:\"select * from `tbl_menu` order by listorder asc,id desc\";', '1', '1484438148', '127.0.0.1'), ('344', 'admin', 'public', 'dologin', 's:70:\"管理员admin登录!SELECT * FROM `tbl_operator` WHERE `name`=\'admin\'\";', '1', '1484441551', '127.0.0.1'), ('345', 'admin', 'menu', 'list', 's:55:\"select * from `tbl_menu` order by listorder asc,id desc\";', '1', '1484441587', '127.0.0.1'), ('346', 'admin', 'menu', 'list', 's:55:\"select * from `tbl_menu` order by listorder asc,id desc\";', '1', '1484441592', '127.0.0.1'), ('347', 'admin', 'menu', 'list', 's:55:\"select * from `tbl_menu` order by listorder asc,id desc\";', '1', '1484443113', '127.0.0.1');
COMMIT;

-- ----------------------------
-- Table structure for tbl_menu
-- ----------------------------
DROP TABLE IF EXISTS `tbl_menu`;
CREATE TABLE `tbl_menu` (
`id`  int(4) UNSIGNED NOT NULL AUTO_INCREMENT ,
`parentid`  int(4) NULL DEFAULT NULL ,
`name`  varchar(30) CHARACTER SET utf8 COLLATE utf8_general_ci NULL DEFAULT NULL ,
`icon`  varchar(255) CHARACTER SET utf8 COLLATE utf8_general_ci NULL DEFAULT NULL ,
`action`  varchar(30) CHARACTER SET utf8 COLLATE utf8_general_ci NULL DEFAULT NULL ,
`method`  varchar(30) CHARACTER SET utf8 COLLATE utf8_general_ci NULL DEFAULT NULL ,
`create_time`  datetime NULL DEFAULT NULL ,
`modify_time`  datetime NULL DEFAULT NULL ,
`listorder`  int(4) NULL DEFAULT 0 ,
`alias_name`  varchar(50) CHARACTER SET utf8 COLLATE utf8_general_ci NULL DEFAULT NULL ,
`focus`  varchar(50) CHARACTER SET utf8 COLLATE utf8_general_ci NULL DEFAULT NULL ,
`active`  varchar(20) CHARACTER SET utf8 COLLATE utf8_general_ci NULL DEFAULT NULL ,
PRIMARY KEY (`id`)
)
ENGINE=InnoDB
DEFAULT CHARACTER SET=utf8 COLLATE=utf8_general_ci
AUTO_INCREMENT=77

;

-- ----------------------------
-- Records of tbl_menu
-- ----------------------------
BEGIN;
INSERT INTO `tbl_menu` VALUES ('1', '0', '管理首页', 'menu-icon fa fa-home', 'default', 'index', '2015-05-28 17:32:11', '2015-07-14 16:02:33', '100', 'main_index', 'index', 'index'), ('2', '0', '系统设置', 'menu-icon fa fa-cogs', 'system', 'index', '2015-05-29 14:58:47', '2016-08-15 18:02:40', '0', 'system_setting', 'sys', 'sys'), ('3', '2', '操作员管理', 'menu-icon fa fa-caret-right', 'operator', 'list', '2015-05-29 14:59:44', '2016-12-24 06:30:58', '0', 'operator', 'sys', 'sys_operator'), ('4', '2', '角色管理', 'menu-icon fa fa-caret-right', 'role', 'list', '2015-05-29 15:00:35', null, '0', 'role_manage', 'sys', 'sys_role'), ('5', '2', '菜单管理', 'menu-icon fa fa-caret-right', 'menu', 'list', '2015-05-29 15:01:22', null, '0', 'menu_manage', 'sys', 'sys_menu'), ('6', '2', '后台日志', 'menu-icon fa fa-caret-right', 'log', 'list', '2015-05-29 15:02:04', null, '0', 'log_manage', 'sys', 'sys_log'), ('76', '0', '内容管理', 'menu-icon fa fa-calendar', 'article', 'index', '2016-11-12 11:15:04', '2016-11-12 11:18:38', '0', 'content-manage', 'a', 'a');
COMMIT;

-- ----------------------------
-- Table structure for tbl_operator
-- ----------------------------
DROP TABLE IF EXISTS `tbl_operator`;
CREATE TABLE `tbl_operator` (
`id`  int(4) UNSIGNED NOT NULL AUTO_INCREMENT ,
`name`  varchar(20) CHARACTER SET utf8 COLLATE utf8_general_ci NOT NULL ,
`password`  varchar(32) CHARACTER SET utf8 COLLATE utf8_general_ci NOT NULL ,
`role_id`  int(4) NULL DEFAULT 0 ,
`last_logintime`  int(10) NULL DEFAULT 0 ,
`last_loginip`  varchar(20) CHARACTER SET utf8 COLLATE utf8_general_ci NULL DEFAULT NULL ,
`login_token`  varchar(32) CHARACTER SET utf8 COLLATE utf8_general_ci NULL DEFAULT NULL ,
`is_valid`  tinyint(1) NULL DEFAULT 0 ,
`rtime`  int(10) NULL DEFAULT 0 ,
`mtime`  int(10) NULL DEFAULT 0 ,
PRIMARY KEY (`id`)
)
ENGINE=InnoDB
DEFAULT CHARACTER SET=utf8 COLLATE=utf8_general_ci
AUTO_INCREMENT=215

;

-- ----------------------------
-- Records of tbl_operator
-- ----------------------------
BEGIN;
INSERT INTO `tbl_operator` VALUES ('1', 'admin', '83ae7349a01a2d002d758b98fa89e5fb', '1', '1474712114', '127.0.0.1', '263f91550e68f376bc17bb6d3ab9e58c', '1', '1410407557', '1472120328'), ('214', '测试123', 'e10adc3949ba59abbe56e057f20f883e', '4', '1472113697', '127.0.0.1', '53aa94d18bcb1f9feb027ec619117295', '1', '1472020125', '1472109827');
COMMIT;

-- ----------------------------
-- Table structure for tbl_role
-- ----------------------------
DROP TABLE IF EXISTS `tbl_role`;
CREATE TABLE `tbl_role` (
`id`  int(4) UNSIGNED NOT NULL AUTO_INCREMENT COMMENT '主键编号ID' ,
`name`  varchar(20) CHARACTER SET utf8 COLLATE utf8_general_ci NOT NULL COMMENT '角色名称' ,
`is_valid`  tinyint(1) NULL DEFAULT 0 COMMENT '是否有效 0--无效 1--有效' ,
`description`  varchar(200) CHARACTER SET utf8 COLLATE utf8_general_ci NULL DEFAULT NULL COMMENT '描述' ,
`sort_by`  int(4) NULL DEFAULT 0 COMMENT '排序' ,
`rtime`  int(10) NULL DEFAULT 0 COMMENT '添加时间' ,
`mtime`  int(10) NULL DEFAULT 0 COMMENT '修改时间' ,
PRIMARY KEY (`id`)
)
ENGINE=InnoDB
DEFAULT CHARACTER SET=utf8 COLLATE=utf8_general_ci
AUTO_INCREMENT=37

;

-- ----------------------------
-- Records of tbl_role
-- ----------------------------
BEGIN;
INSERT INTO `tbl_role` VALUES ('1', '超级管理员', '1', '拥有后台操作一切权限!', '0', '1410231121', '0'), ('3', '行政人事专员', '1', '行政人事专员', '0', '1410243122', '1441849224'), ('4', '经理', '1', '项目经理', '6', '1432866476', '1441849159'), ('5', '懂事长', '1', '懂事长', '8', '1432866489', '1438586815'), ('6', '项目总监', '1', '项目总监', '5', '1432866556', '1438586860'), ('7', '财务', '1', '财务', '0', '1438586896', '0'), ('8', '员工', '1', '人事管理员工', '0', '1440397907', '0'), ('9', '总经理', '1', '总经理', '0', '1441849143', '0'), ('10', '会计', '1', '会计', '0', '1441849176', '0'), ('11', '出纳', '1', '出纳', '0', '1441849194', '0'), ('12', '主管', '1', '主管', '0', '1441849211', '0'), ('13', '摄影师', '1', '摄影师', '0', '1441849240', '0'), ('14', '后期制作', '1', '后期制作', '0', '1441849252', '0'), ('15', '销售经理', '1', '销售经理', '0', '1441849265', '0'), ('16', '助理', '1', '助理', '0', '1441849278', '0'), ('17', '销售', '1', '销售', '0', '1441849294', '0'), ('18', '总监', '1', '总监', '0', '1441849313', '0'), ('19', '区域经理', '1', '区域经理', '0', '1441849358', '0'), ('20', '产品策划经理', '1', '产品策划经理', '0', '1441849371', '0'), ('21', '运营经理', '1', '运营经理', '0', '1441849386', '0'), ('22', '策划', '1', '策划', '0', '1441849399', '0'), ('23', '设计', '1', '设计', '0', '1441849412', '0'), ('24', '网站策划', '1', '网站策划', '0', '1441849429', '0'), ('25', '厨师长', '1', '厨师长', '0', '1441849448', '0'), ('26', 'IT', '1', 'IT', '0', '1441849461', '0'), ('27', '副经理', '1', '副经理', '0', '1441849472', '0'), ('28', '维修', '1', '维修', '0', '1441849486', '0'), ('29', '采购', '1', '采购', '0', '1441849499', '0'), ('30', '库管', '1', '库管', '0', '1441849511', '0'), ('31', '布草', '1', '布草', '0', '1441849523', '0'), ('32', '产品运营', '1', '产品运营', '0', '1441851200', '0'), ('33', '系统建设', '1', '系统建设', '0', '1441851831', '0'), ('34', '人事经理', '1', '人事经理', '0', '1441948075', '0'), ('35', '财务经理', '1', '财务经理', '0', '1441948090', '0'), ('36', '辅导员', '1', '辅导员', '0', '1444960324', '0');
COMMIT;

-- ----------------------------
-- Table structure for tbl_role_act
-- ----------------------------
DROP TABLE IF EXISTS `tbl_role_act`;
CREATE TABLE `tbl_role_act` (
`id`  int(4) UNSIGNED NOT NULL AUTO_INCREMENT ,
`mid`  int(4) NULL DEFAULT NULL ,
`name`  varchar(255) CHARACTER SET utf8 COLLATE utf8_general_ci NULL DEFAULT NULL ,
`description`  varchar(500) CHARACTER SET utf8 COLLATE utf8_general_ci NULL DEFAULT NULL ,
`sort_by`  int(4) NULL DEFAULT 0 ,
`rtime`  int(11) NULL DEFAULT NULL ,
PRIMARY KEY (`id`),
INDEX `mid` (`mid`) USING BTREE 
)
ENGINE=InnoDB
DEFAULT CHARACTER SET=utf8 COLLATE=utf8_general_ci
AUTO_INCREMENT=6

;

-- ----------------------------
-- Records of tbl_role_act
-- ----------------------------
BEGIN;
INSERT INTO `tbl_role_act` VALUES ('2', '6', '添加', '添加', '1', '1433747352'), ('4', '6', '测试', 'test', '2', '1433750808'), ('5', '12', '测试测测', '测试测测', '1', '1433751128');
COMMIT;

-- ----------------------------
-- Table structure for tbl_roleright
-- ----------------------------
DROP TABLE IF EXISTS `tbl_roleright`;
CREATE TABLE `tbl_roleright` (
`role_id`  int(4) NOT NULL ,
`right_ids`  varchar(255) CHARACTER SET utf8 COLLATE utf8_general_ci NULL DEFAULT NULL 
)
ENGINE=InnoDB
DEFAULT CHARACTER SET=utf8 COLLATE=utf8_general_ci

;

-- ----------------------------
-- Records of tbl_roleright
-- ----------------------------
BEGIN;
INSERT INTO `tbl_roleright` VALUES ('3', '3,43,47,49,52,60,61,62,55,56,64,2,,58,45,53,59,63'), ('6', '43,55,56,57,2,,53,54'), ('4', '1,3,2'), ('5', '1,3,4,5,6,2,'), ('8', '43,55,56,2,,53'), ('7', '43,9,18,20,21,22,33,34,55,56,7,,2,53'), ('9', '43,55,56,57,2,,53,54'), ('10', '43,55,56,2,,53'), ('11', '43,55,56,2,,53'), ('12', '43,55,56,57,64,65,2,,53,54,63'), ('13', '43,55,56,2,,53'), ('14', '43,55,56,2,,53'), ('15', '1,43,55,56,57,2,,53,54'), ('16', '43,55,56,2,,53'), ('17', '43,55,56,2,,53'), ('18', '1,43,9,18,20,21,22,33,34,60,61,62,55,56,57,64,7,,2,53,54,59,45,63'), ('19', '43,55,56,57,2,,53,54'), ('20', '43,55,56,57,2,,53,54'), ('21', '43,55,56,57,2,,53,54'), ('22', '43,55,56,2,,53'), ('23', '43,55,56,2,,53'), ('24', '43,55,56,2,,53'), ('25', '43,55,56,2,,53'), ('26', '43,55,56,2,,53'), ('28', '43,55,56,2,,53'), ('29', '43,55,56,2,,53'), ('30', '43,55,56,2,,53'), ('31', '43,55,56,2,,53'), ('33', '43,55,56,57,64,2,,53,54,63'), ('34', '3,43,47,49,52,60,61,62,55,56,57,64,2,,58,45,53,54,59,63'), ('35', '43,9,18,20,21,22,33,34,55,56,57,7,,2,53,54'), ('36', '43,65,2,,63');
COMMIT;

-- ----------------------------
-- Auto increment value for tbl_act_ids
-- ----------------------------
ALTER TABLE `tbl_act_ids` AUTO_INCREMENT=2;

-- ----------------------------
-- Auto increment value for tbl_logs
-- ----------------------------
ALTER TABLE `tbl_logs` AUTO_INCREMENT=348;

-- ----------------------------
-- Auto increment value for tbl_menu
-- ----------------------------
ALTER TABLE `tbl_menu` AUTO_INCREMENT=77;

-- ----------------------------
-- Auto increment value for tbl_operator
-- ----------------------------
ALTER TABLE `tbl_operator` AUTO_INCREMENT=215;

-- ----------------------------
-- Auto increment value for tbl_role
-- ----------------------------
ALTER TABLE `tbl_role` AUTO_INCREMENT=37;

-- ----------------------------
-- Auto increment value for tbl_role_act
-- ----------------------------
ALTER TABLE `tbl_role_act` AUTO_INCREMENT=6;
